django_name	doc_name	raw_path	field_type	max_abs_value
c1	c1	lte_rrc.lte_rrc_lte-rrc_c1	BigIntegerField	5
paging_record_list	pagingRecordList	lte_rrc.lte_rrc_lte-rrc_pagingRecordList	BigIntegerField	15
scheduling_info_list	schedulingInfoList	lte_rrc.lte_rrc_lte-rrc_schedulingInfoList	BigIntegerField	5
system_info_value_tag	systemInfoValueTag	lte_rrc.lte_rrc_lte-rrc_systemInfoValueTag	BigIntegerField	31
late_non_critical_extension	lateNonCriticalExtension	lte_rrc.lte_rrc_lte-rrc_lateNonCriticalExtension	CharField	60
cyclic_shift	cyclicShift	lte_rrc.lte_rrc_lte-rrc_cyclicShift	BigIntegerField	6
root_sequence_index	rootSequenceIndex	lte_rrc.lte_rrc_lte-rrc_rootSequenceIndex	BigIntegerField	837
pusch_hopping_offset	pusch_HoppingOffset	lte_rrc.lte_rrc_lte-rrc_pusch_HoppingOffset	BigIntegerField	22
prach_config_index	prach_ConfigIndex	lte_rrc.lte_rrc_lte-rrc_prach_ConfigIndex	BigIntegerField	19
prach_freq_offset	prach_FreqOffset	lte_rrc.lte_rrc_lte-rrc_prach_FreqOffset	BigIntegerField	41
zero_correlation_zone_config	zeroCorrelationZoneConfig	lte_rrc.lte_rrc_lte-rrc_zeroCorrelationZoneConfig	BigIntegerField	12
reference_signal_power	referenceSignalPower	lte_rrc.lte_rrc_lte-rrc_referenceSignalPower	BigIntegerField	18
n1_pucch_an	n1PUCCH_AN	lte_rrc.lte_rrc_lte-rrc_n1PUCCH_AN	BigIntegerField	144
n_rb_cqi	nRB_CQI	lte_rrc.lte_rrc_lte-rrc_nRB_CQI	BigIntegerField	78
preamble_initial_received_target_power	preambleInitialReceivedTargetPower	lte_rrc.lte_rrc_lte-rrc_preambleInitialReceivedTargetPower	BigIntegerField	13
number_of_ra_preambles	numberOfRA_Preambles	lte_rrc.lte_rrc_lte-rrc_numberOfRA_Preambles	BigIntegerField	15
p0_nominal_pusch	p0_NominalPUSCH	lte_rrc.lte_rrc_lte-rrc_p0_NominalPUSCH	BigIntegerField	109
p0_nominal_pucch	p0_NominalPUCCH	lte_rrc.lte_rrc_lte-rrc_p0_NominalPUCCH	BigIntegerField	120
thresh_serving_low	threshServingLow	lte_rrc.lte_rrc_lte-rrc_threshServingLow	BigIntegerField	6
size_of_ra_preambles_group_a	sizeOfRA_PreamblesGroupA	lte_rrc.lte_rrc_lte-rrc_sizeOfRA_PreamblesGroupA	BigIntegerField	11
meas_result_list_eutra	measResultListEUTRA	lte_rrc.lte_rrc_lte-rrc_measResultListEUTRA	BigIntegerField	8
srs_subframe_config	srs_SubframeConfig	lte_rrc.lte_rrc_lte-rrc_srs_SubframeConfig	BigIntegerField	7
nom_pdsch_rs_epre_offset	nomPDSCH_RS_EPRE_Offset	lte_rrc.lte_rrc_lte-rrc_nomPDSCH_RS_EPRE_Offset	BigIntegerField	6
nas_emm_nas_key_set_id	nas.emm_nas_key_set_id	nas-eps.nas-eps_nas_eps_emm_nas_key_set_id	BigIntegerField	7
cqi_pmi_config_index	cqi_pmi_ConfigIndex	lte_rrc.lte_rrc_lte-rrc_cqi_pmi_ConfigIndex	BigIntegerField	156
ri_config_index	ri_ConfigIndex	lte_rrc.lte_rrc_lte-rrc_ri_ConfigIndex	BigIntegerField	644
nas_seq_no_short	nas.seq_no_short	nas-eps.nas-eps_nas_eps_seq_no_short	BigIntegerField	31
nas_emm_short_mac	nas.emm_short_mac	nas-eps.nas-eps_nas_eps_emm_short_mac	CharField	0
cqi_pucch_resource_index	cqi_PUCCH_ResourceIndex	lte_rrc.lte_rrc_lte-rrc_cqi_PUCCH_ResourceIndex	BigIntegerField	924
max_harq_tx	maxHARQ_Tx	lte_rrc.lte_rrc_lte-rrc_maxHARQ_Tx	BigIntegerField	7
p_a	p_a	lte_rrc.lte_rrc_lte-rrc_p_a	BigIntegerField	7
sr_subframe_offset	sr_SubframeOffset	lte_rrc.lte_rrc_lte-rrc_sr_SubframeOffset	BigIntegerField	19
sr_pucch_resource_index	sr_PUCCH_ResourceIndex	lte_rrc.lte_rrc_lte-rrc_sr_PUCCH_ResourceIndex	BigIntegerField	129
sr_config_index	sr_ConfigIndex	lte_rrc.lte_rrc_lte-rrc_sr_ConfigIndex	BigIntegerField	47
data_data_data_data	data.data_data_data	data.data_data_data	CharField	0
beta_offset_ri_index	betaOffset_RI_Index	lte_rrc.lte_rrc_lte-rrc_betaOffset_RI_Index	BigIntegerField	10
ue_capability_rat_container	ueCapabilityRAT_Container	lte_rrc.lte_rrc_lte-rrc_ueCapabilityRAT_Container	CharField	0
rrc_rrc_start_cs	rrc_rrc_start_CS	lte_rrc.rrc_rrc_start_CS	CharField	0
rrc_rrc_start_ps	rrc_rrc_start_PS	lte_rrc.rrc_rrc_start_PS	CharField	0
sf40	sf40	lte_rrc.lte_rrc_lte-rrc_sf40	BigIntegerField	39
freq_priority_list_eutra	freqPriorityListEUTRA	lte_rrc.lte_rrc_lte-rrc_freqPriorityListEUTRA	BigIntegerField	8
nas_nas_msg_emm_type	nas.nas_msg_emm_type	nas-eps.nas-eps_nas_eps_nas_msg_emm_type	CharField	0
number_of_preambles_sent_r16	numberOfPreamblesSent_r16	lte_rrc.lte_rrc_lte-rrc_numberOfPreamblesSent_r16	BigIntegerField	7
sf320	sf320	lte_rrc.lte_rrc_lte-rrc_sf320	BigIntegerField	319
nas_msg_auth_code	nas.msg_auth_code	nas-eps.nas-eps_nas_eps_msg_auth_code	CharField	0
nas_seq_no	nas.seq_no	nas-eps.nas-eps_nas_eps_seq_no	BigIntegerField	222
n4_tx_antenna_tm4	n4TxAntenna_tm4	lte_rrc.lte_rrc_lte-rrc_n4TxAntenna_tm4	CharField	0
gp0	gp0	lte_rrc.lte_rrc_lte-rrc_gp0	BigIntegerField	39
hyper_sfn_r13	hyperSFN_r13	lte_rrc.lte_rrc_lte-rrc_hyperSFN_r13	CharField	0
freq_priority_list_utra_fdd	freqPriorityListUTRA_FDD	lte_rrc.lte_rrc_lte-rrc_freqPriorityListUTRA_FDD	BigIntegerField	4
nas_bearer_id	nas.bearer_id	nas-eps.nas-eps_nas_eps_bearer_id	BigIntegerField	14
nas_esm_proc_trans_id	nas.esm_proc_trans_id	nas-eps.nas-eps_nas_eps_esm_proc_trans_id	BigIntegerField	244
gp1	gp1	lte_rrc.lte_rrc_lte-rrc_gp1	BigIntegerField	79
nas_nas_msg_esm_type	nas.nas_msg_esm_type	nas-eps.nas-eps_nas_eps_nas_msg_esm_type	CharField	0
srs_config_index	srs_ConfigIndex	lte_rrc.lte_rrc_lte-rrc_srs_ConfigIndex	BigIntegerField	107
freq_domain_position	freqDomainPosition	lte_rrc.lte_rrc_lte-rrc_freqDomainPosition	BigIntegerField	9
cqi_pucch_resource_index_r10	cqi_PUCCH_ResourceIndex_r10	lte_rrc.lte_rrc_lte-rrc_cqi_PUCCH_ResourceIndex_r10	BigIntegerField	56
next_hop_chaining_count	nextHopChainingCount	lte_rrc.lte_rrc_lte-rrc_nextHopChainingCount	BigIntegerField	7
ra_preamble_index	ra_PreambleIndex	lte_rrc.lte_rrc_lte-rrc_ra_PreambleIndex	BigIntegerField	63
nas_ipcp_ipcp_ipcp_opt_pri_dns_address	nas.ipcp.ipcp_ipcp_opt_pri_dns_address	nas-eps.ipcp.ipcp_ipcp_opt_pri_dns_address	CharField	0
nas_ipcp_ipcp_opt_pri_dns	nas.ipcp.ipcp_opt_pri_dns	nas-eps.ipcp.ipcp_opt_pri_dns	CharField	0
nas_ipcp_ipcp_opt_sec_dns	nas.ipcp.ipcp_opt_sec_dns	nas-eps.ipcp.ipcp_opt_sec_dns	CharField	0
nas_ipcp_ipcp_ipcp_opt_sec_dns_address	nas.ipcp.ipcp_ipcp_opt_sec_dns_address	nas-eps.ipcp.ipcp_ipcp_opt_sec_dns_address	CharField	0
nas_emm_tai_tac	nas.emm_tai_tac	nas-eps.nas-eps_nas_eps_emm_tai_tac	BigIntegerField	51011
nas_emm_esm_msg_cont	nas.emm_esm_msg_cont	nas-eps.nas-eps_nas_eps_emm_esm_msg_cont	CharField	0
nas_emm_mme_code	nas.emm_mme_code	nas-eps.nas-eps_nas_eps_emm_mme_code	BigIntegerField	184
nas_emm_mme_grp_id	nas.emm_mme_grp_id	nas-eps.nas-eps_nas_eps_emm_mme_grp_id	BigIntegerField	65000
nas_gsm_a_gsm_a_lac	nas.gsm_a_gsm_a_lac	nas-eps.gsm_a_gsm_a_lac	CharField	0
intra_freq_excluded_cell_list	intraFreqExcludedCellList	lte_rrc.lte_rrc_lte-rrc_intraFreqExcludedCellList	BigIntegerField	16
random_value	randomValue	lte_rrc.lte_rrc_lte-rrc_randomValue	CharField	0
nas_emm_res	nas.emm_res	nas-eps.nas-eps_nas_eps_emm_res	CharField	0
nas_gsm_a_dtap_gsm_a_dtap_rand	nas.gsm_a_dtap_gsm_a_dtap_rand	nas-eps.gsm_a_dtap_gsm_a_dtap_rand	CharField	0
nas_gsm_a_dtap_gsm_a_dtap_autn	nas.gsm_a_dtap_gsm_a_dtap_autn	nas-eps.gsm_a_dtap_gsm_a_dtap_autn	CharField	0
nas_gsm_a_dtap_gsm_a_dtap_autn_mac	nas.gsm_a_dtap_gsm_a_dtap_autn_mac	nas-eps.gsm_a_dtap_gsm_a_dtap_autn_mac	CharField	0
nas_gsm_a_dtap_gsm_a_dtap_autn_sqn_xor_ak	nas.gsm_a_dtap_gsm_a_dtap_autn_sqn_xor_ak	nas-eps.gsm_a_dtap_gsm_a_dtap_autn_sqn_xor_ak	CharField	0
nas_gsm_a_gm_gsm_a_gm_sm_apn	nas.gsm_a_gm_gsm_a_gm_sm_apn	nas-eps.gsm_a_gm_gsm_a_gm_sm_apn	CharField	0
mmegi	mmegi	lte_rrc.lte_rrc_lte-rrc_mmegi	CharField	0
nas_emm_nas_msg_cont	nas.emm_nas_msg_cont	nas-eps.nas-eps_nas_eps_emm_nas_msg_cont	CharField	0
nas_gsm_a_dtap_gsm_a_dtap_gsm_a_dtap_tio	nas.gsm_a_dtap.gsm_a_dtap_gsm_a_dtap_tio	nas-eps.gsm_a_dtap.gsm_a_dtap_gsm_a_dtap_tio	BigIntegerField	2
nas_gsm_a_dtap_gsm_a_gsm_a_skip_ind	nas.gsm_a_dtap.gsm_a_gsm_a_skip_ind	nas-eps.gsm_a_dtap.gsm_a_gsm_a_skip_ind	BigIntegerField	0
nas_gsm_a_dtap_gsm_a_dtap_gsm_a_dtap_msg_tp_type	nas.gsm_a_dtap.gsm_a_dtap_gsm_a_dtap_msg_tp_type	nas-eps.gsm_a_dtap.gsm_a_dtap_gsm_a_dtap_msg_tp_type	CharField	0
nas_esm_apn_ambr_dl_ext	nas.esm_apn_ambr_dl_ext	nas-eps.nas-eps_nas_eps_esm_apn_ambr_dl_ext	BigIntegerField	238
nas_esm_apn_ambr_dl_total	nas.esm_apn_ambr_dl_total	nas-eps.nas-eps_nas_eps_esm_apn_ambr_dl_total	BigIntegerField	3000000
nas_gsm_a_dtap_gsm_a_dtap_number_of_spare_bits	nas.gsm_a_dtap_gsm_a_dtap_number_of_spare_bits	nas-eps.gsm_a_dtap_gsm_a_dtap_number_of_spare_bits	BigIntegerField	1
nr_rrc_nr_rrc_band_nr	nr-rrc_nr-rrc_bandNR	lte_rrc.nr-rrc_nr-rrc_bandNR	BigIntegerField	78
nas_gsm_a_dtap_gsm_a_dtap_text_string	nas.gsm_a_dtap_gsm_a_dtap_text_string	nas-eps.gsm_a_dtap_gsm_a_dtap_text_string	CharField	0
nas_gsm_a_dtap_gsm_a_gsm_a_len	nas.gsm_a_dtap.gsm_a_gsm_a_len	nas-eps.gsm_a_dtap.gsm_a_gsm_a_len	BigIntegerField	148
nas_gsm_a_rp_gsm_a_rp_gsm_a_rp_rp_message_reference	nas.gsm_a_rp.gsm_a_rp_gsm_a_rp_rp_message_reference	nas-eps.gsm_a_rp.gsm_a_rp_gsm_a_rp_rp_message_reference	CharField	0
nas_gsm_a_dtap_gsm_a_dtap_gsm_a_dtap_rpdu	nas.gsm_a_dtap.gsm_a_dtap_gsm_a_dtap_rpdu	nas-eps.gsm_a_dtap.gsm_a_dtap_gsm_a_dtap_rpdu	CharField	0
nas_gsm_a_rp_gsm_a_rp_gsm_a_rp_tpdu	nas.gsm_a_rp.gsm_a_rp_gsm_a_rp_tpdu	nas-eps.gsm_a_rp.gsm_a_rp_gsm_a_rp_tpdu	CharField	1
nas_esm_qci	nas.esm_qci	nas-eps.nas-eps_nas_eps_esm_qci	BigIntegerField	9
nas_gsm_a_dtap_gsm_a_dtap_time_zone_time	nas.gsm_a_dtap_gsm_a_dtap_time_zone_time	nas-eps.gsm_a_dtap_gsm_a_dtap_time_zone_time	CharField	0
nas_esm_pdn_ipv4	nas.esm_pdn_ipv4	nas-eps.nas-eps_nas_eps_esm_pdn_ipv4	CharField	0
c_rnti	c_RNTI	lte_rrc.lte_rrc_lte-rrc_c_RNTI	CharField	0
short_mac_i	shortMAC_I	lte_rrc.lte_rrc_lte-rrc_shortMAC_I	CharField	0
nas_gsm_sms_gsm_sms_gsm_sms_tp_user_data_length	nas.gsm_sms.gsm_sms_gsm_sms_tp_user_data_length	nas-eps.gsm_sms.gsm_sms_gsm_sms_tp_user_data_length	BigIntegerField	120
nas_gsm_sms_gsm_sms_gsm_sms_dis_field_addr_length	nas.gsm_sms.gsm_sms_gsm_sms_dis_field_addr_length	nas-eps.gsm_sms.gsm_sms_gsm_sms_dis_field_addr_length	BigIntegerField	20
nas_emm_hash_mme	nas.emm_hash_mme	nas-eps.nas-eps_nas_eps_emm_hash_mme	CharField	0
nas_gsm_sms_gsm_sms_gsm_sms_tp_oa	nas.gsm_sms.gsm_sms_gsm_sms_tp-oa	nas-eps.gsm_sms.gsm_sms_gsm_sms_tp-oa	CharField	0
nas_gsm_sms_gsm_sms_gsm_sms_scts_seconds	nas.gsm_sms.gsm_sms_gsm_sms_scts_seconds	nas-eps.gsm_sms.gsm_sms_gsm_sms_scts_seconds	BigIntegerField	53
nas_gsm_sms_gsm_sms_gsm_sms_scts_hour	nas.gsm_sms.gsm_sms_gsm_sms_scts_hour	nas-eps.gsm_sms.gsm_sms_gsm_sms_scts_hour	BigIntegerField	17
nas_gsm_sms_gsm_sms_gsm_sms_scts_day	nas.gsm_sms.gsm_sms_gsm_sms_scts_day	nas-eps.gsm_sms.gsm_sms_gsm_sms_scts_day	BigIntegerField	25
nas_gsm_sms_gsm_sms_gsm_sms_scts_minutes	nas.gsm_sms.gsm_sms_gsm_sms_scts_minutes	nas-eps.gsm_sms.gsm_sms_gsm_sms_scts_minutes	BigIntegerField	50
eutra	eutra	lte_rrc.lte_rrc_lte-rrc_eutra	BigIntegerField	500
nas_esm_pdn_ipv6_if_id	nas.esm_pdn_ipv6_if_id	nas-eps.nas-eps_nas_eps_esm_pdn_ipv6_if_id	CharField	0
time_conn_failure_r10	timeConnFailure_r10	lte_rrc.lte_rrc_lte-rrc_timeConnFailure_r10	BigIntegerField	30
q_hyst	q_Hyst	lte_rrc.lte_rrc_lte-rrc_q_Hyst	BigIntegerField	6
s_non_intra_search	s_NonIntraSearch	lte_rrc.lte_rrc_lte-rrc_s_NonIntraSearch	BigIntegerField	31
s_intra_search	s_IntraSearch	lte_rrc.lte_rrc_lte-rrc_s_IntraSearch	BigIntegerField	31
meas_result_neigh_cells	measResultNeighCells	lte_rrc.lte_rrc_lte-rrc_measResultNeighCells	BigIntegerField	0
s_intra_search_p_r9	s_IntraSearchP_r9	lte_rrc.lte_rrc_lte-rrc_s_IntraSearchP_r9	BigIntegerField	31
s_non_intra_search_q_r9	s_NonIntraSearchQ_r9	lte_rrc.lte_rrc_lte-rrc_s_NonIntraSearchQ_r9	BigIntegerField	6
s_intra_search_q_r9	s_IntraSearchQ_r9	lte_rrc.lte_rrc_lte-rrc_s_IntraSearchQ_r9	BigIntegerField	6
s_non_intra_search_p_r9	s_NonIntraSearchP_r9	lte_rrc.lte_rrc_lte-rrc_s_NonIntraSearchP_r9	BigIntegerField	7
intra_freq_neigh_cell_list	intraFreqNeighCellList	lte_rrc.lte_rrc_lte-rrc_intraFreqNeighCellList	BigIntegerField	9
meas_id_to_add_mod_list	measIdToAddModList	lte_rrc.lte_rrc_lte-rrc_measIdToAddModList	BigIntegerField	13
report_config_to_add_mod_list	reportConfigToAddModList	lte_rrc.lte_rrc_lte-rrc_reportConfigToAddModList	BigIntegerField	13
meas_object_to_add_mod_list	measObjectToAddModList	lte_rrc.lte_rrc_lte-rrc_measObjectToAddModList	BigIntegerField	11
meas_id_to_remove_list	measIdToRemoveList	lte_rrc.lte_rrc_lte-rrc_measIdToRemoveList	BigIntegerField	32
report_config_to_remove_list	reportConfigToRemoveList	lte_rrc.lte_rrc_lte-rrc_reportConfigToRemoveList	BigIntegerField	19
meas_object_to_remove_list	measObjectToRemoveList	lte_rrc.lte_rrc_lte-rrc_measObjectToRemoveList	BigIntegerField	13
cell_for_which_to_report_cgi	cellForWhichToReportCGI	lte_rrc.lte_rrc_lte-rrc_cellForWhichToReportCGI	BigIntegerField	290
cell_identity	cellIdentity	lte_rrc.lte_rrc_lte-rrc_cellIdentity	CharField	0
tracking_area_code	trackingAreaCode	lte_rrc.lte_rrc_lte-rrc_trackingAreaCode	CharField	0
target_phys_cell_id	targetPhysCellId	lte_rrc.lte_rrc_lte-rrc_targetPhysCellId	BigIntegerField	468
nas_e212_e212_tai_mnc	nas.e212_e212_tai_mnc	nas-eps.e212_e212_tai_mnc	BigIntegerField	10
nas_e212_e212_tai_mcc	nas.e212_e212_tai_mcc	nas-eps.e212_e212_tai_mcc	BigIntegerField	730
nas_e212_e212_gummei_mcc	nas.e212_e212_gummei_mcc	nas-eps.e212_e212_gummei_mcc	BigIntegerField	730
nas_e212_e212_gummei_mnc	nas.e212_e212_gummei_mnc	nas-eps.e212_e212_gummei_mnc	BigIntegerField	10
nas_e212_e212_lai_mnc	nas.e212_e212_lai_mnc	nas-eps.e212_e212_lai_mnc	BigIntegerField	10
nas_e212_e212_lai_mcc	nas.e212_e212_lai_mcc	nas-eps.e212_e212_lai_mcc	BigIntegerField	730
freq_band_indicator	freqBandIndicator	lte_rrc.lte_rrc_lte-rrc_freqBandIndicator	BigIntegerField	64
ul_carrier_freq	ul_CarrierFreq	lte_rrc.lte_rrc_lte-rrc_ul_CarrierFreq	BigIntegerField	27410
inter_freq_carrier_freq_list	interFreqCarrierFreqList	lte_rrc.lte_rrc_lte-rrc_interFreqCarrierFreqList	BigIntegerField	8
inter_freq_carrier_freq_list_v9e0	interFreqCarrierFreqList_v9e0	lte_rrc.lte_rrc_lte-rrc_interFreqCarrierFreqList_v9e0	BigIntegerField	8
inter_freq_carrier_freq_list_v8h0	interFreqCarrierFreqList_v8h0	lte_rrc.lte_rrc_lte-rrc_interFreqCarrierFreqList_v8h0	BigIntegerField	8
carrier_freq_list_utra_fdd	carrierFreqListUTRA_FDD	lte_rrc.lte_rrc_lte-rrc_carrierFreqListUTRA_FDD	BigIntegerField	4
nr_rrc_nr_rrc_freq_band_list	nr-rrc_nr-rrc_FreqBandList	lte_rrc.nr-rrc_nr-rrc_FreqBandList	BigIntegerField	4
requested_freq_bands_nr_mrdc_r15	requestedFreqBandsNR_MRDC_r15	lte_rrc.lte_rrc_lte-rrc_requestedFreqBandsNR_MRDC_r15	CharField	0
new_ue_identity	newUE_Identity	lte_rrc.lte_rrc_lte-rrc_newUE_Identity	CharField	0
nas_emm_m_tmsi	nas.emm_m_tmsi	nas-eps.nas-eps_nas_eps_emm_m_tmsi	BigIntegerField	4269722598
nas_e212_e212_assoc_imsi	nas.e212_e212_assoc_imsi	nas-eps.e212_e212_assoc_imsi	BigIntegerField	730029988611606
nas_e212_e212_imsi	nas.e212_e212_imsi	nas-eps.e212_e212_imsi	BigIntegerField	730029988611606
nas_gsm_a_gsm_a_imeisv	nas.gsm_a_gsm_a_imeisv	nas-eps.gsm_a_gsm_a_imeisv	BigIntegerField	3567387623182241
cell_barred	cellBarred	lte_rrc.lte_rrc_lte-rrc_cellBarred	BigIntegerField	1
establishment_cause	establishmentCause	lte_rrc.lte_rrc_lte-rrc_establishmentCause	BigIntegerField	4
release_cause	releaseCause	lte_rrc.lte_rrc_lte-rrc_releaseCause	BigIntegerField	1
nas_esm_cause	nas.esm_cause	nas-eps.nas-eps_nas_eps_esm_cause	BigIntegerField	50
nas_emm_cause	nas.emm_cause	nas-eps.nas-eps_nas_eps_emm_cause	BigIntegerField	19
reestablishment_cause	reestablishmentCause	lte_rrc.lte_rrc_lte-rrc_reestablishmentCause	BigIntegerField	2
redirected_carrier_info	redirectedCarrierInfo	lte_rrc.lte_rrc_lte-rrc_redirectedCarrierInfo	BigIntegerField	0
rsrp_result_r9	rsrpResult_r9	lte_rrc.lte_rrc_lte-rrc_rsrpResult_r9	BigIntegerField	49
t301	t301	lte_rrc.lte_rrc_lte-rrc_t301	BigIntegerField	6
default_paging_cycle	defaultPagingCycle	lte_rrc.lte_rrc_lte-rrc_defaultPagingCycle	BigIntegerField	3
modification_period_coeff	modificationPeriodCoeff	lte_rrc.lte_rrc_lte-rrc_modificationPeriodCoeff	BigIntegerField	2
drx_inactivity_timer	drx_InactivityTimer	lte_rrc.lte_rrc_lte-rrc_drx_InactivityTimer	BigIntegerField	15
on_duration_timer	onDurationTimer	lte_rrc.lte_rrc_lte-rrc_onDurationTimer	BigIntegerField	15
integrity_prot_algorithm	integrityProtAlgorithm	lte_rrc.lte_rrc_lte-rrc_integrityProtAlgorithm	BigIntegerField	2
ciphering_algorithm	cipheringAlgorithm	lte_rrc.lte_rrc_lte-rrc_cipheringAlgorithm	BigIntegerField	2
nas_ciphered_msg	nas.ciphered_msg	nas-eps.nas-eps_nas_eps_ciphered_msg	CharField	0
